sample,reads_before,reads_after,q30_before,q30_after,adapter_pct,dup_pct,len_before,len_after,reads_removed_pct
S1_clean,80000,80000,100.0,100.0,0.0,0.40249999999999997,150,150,0.0
S2_adapter,80000,80000,100.0,100.0,100.0,1.2225,150,84,0.0
S3_lowqual,80000,31568,26.6677,26.6652,0.0,45.129999999999995,150,150,60.53999999999999
S4_overrep,80000,44046,100.0,100.0,45.0775,45.0225,150,149,44.942499999999995
